position,company,location,salary,summary,parsed_salary
Staff Scientist,Baylor College of Medicine,"Houston, TX","$60,000 a year","In addition, the Staff Scientist will work closely with other team members to identify and overcome research challenges....",60000.0
Research Coordinator II,Baylor College of Medicine,"Houston, TX","$44,601 a year","Ensure accurate data collection, documentation, organization and safety of research participants. High attention to detail is required for data entry and...",44601.0
Senior Research Quality Assurance Analyst,Baylor College of Medicine,"Houston, TX","$46,920 - $60,998 a year","Performs Quality Control testing in accordance with good laboratory practices regulations. Maintains the Quality Assurance/Quality Control (QA/QC) Program,...",53959.0
"Data Scientist - Machine Learning, Python, Linguistics",Oscar Technology,"Houston, TX","$90,000 - $150,000 a year","Data Scientist Role Requirements*. Over the last year, the newly formed Data Scientist team (currently at 4) has added immense value to the business and they...",120000.0
"Data Scientist (Energy / Oil & Gas) - Analytics, Statistics",Oscar Technology,"Houston, TX","$110,000 - $140,000 a year","Data Scientist (Energy / Oil & Gas) - Analytics, Statistics, Linear Regression, Predictive Modelling, Visualization, Matlab, Python, R - Houston, TX*....",125000.0
Data Analyst/Project Manager,"Diversigen, Inc.","Houston, TX","$70,000 - $80,000 a year",The Project Manager/Data Analyst will work as a member of Diversigen’s growing Data Analytics team and his/her primary role will be to assist with the creation...,75000.0
Microbiome Discovery Analyst,"Diversigen, Inc.","Houston, TX","$75,000 - $85,000 a year",The Discovery analyst will work as a member of Diversigen’s growing Data Analytics team to analyze and explore microbiome data sets from both the public and...,80000.0
Bioinformatics Scientist,"Diversigen, Inc.","Houston, TX","$80,000 - $85,000 a year",The bioinformatics scientist will work as a member of Diversigen’s growing Data Analytics team and contribute to microbiome-focused NGS analysis efforts....,82500.0
Data Production & Pipeline Analyst,"Diversigen, Inc.","Houston, TX","$75,000 - $85,000 a year","The Data production and pipeline analyst may contribute to sequence data analysis, interpretation, and reporting....",80000.0
Biostatistician,"Diversigen, Inc.","Houston, TX","$85,000 - $95,000 a year","The Biostatistician will work closely with bioinformatics scientists, data analysts, and project managers to provide insight regarding project design, outcomes,...",90000.0
Regional Enterprise Benefits Executive - Houston,Lumity Inc,"Houston, TX","$90,000 - $110,000 a year","An amazing team of tech professionals, data scientists and benefits specialists with the drive to deliver a superior benefits experience to our clients needs...",100000.0
Operations Research Analyst (Recent Graduate),Department of the Army,"Phoenix, AZ","$40,896 - $66,671 a year",Data Entry and Analysis. Civilian employees serve a vital role in supporting the Army mission....,53783.5
Research Analyst,Arizona State University,"Tempe, AZ","$43,920 a year",Assist with data collection and verification; Experience conducting survey-based data collection and research....,43920.0
COMPUTER SCIENTIST,Department of the Navy,"Phoenix, AZ","$32,844 - $161,900 a year","Computer Research Scientists. Computer And Information Research Scientists. Researching, interpreting, and carrying out computer scientist assignments....",97372.0
Police Forensic Scientist II - DNA,City of Scottsdale,"Scottsdale, AZ 85251 (South Scottsdale area)","$57,678 - $83,637 a year","Knowledge of data interpretation, including mixed DNA samples and low level/quality DNA samples, probabilistic genotyping, and statistical analysis of DNA...",70657.5
OPERATIONS RESEARCH,Department of the Navy,"Phoenix, AZ","$32,844 - $161,900 a year","Information Research Scientists. Professional Scientist applying mathematical, statistical or scientific techniques to analyze data in support of operations....",97372.0
SENIOR RESEARCH ANALYST - SAC,State of Arizona,"Phoenix, AZ","$45,000 - $60,000 a year","Compiles, edits, and reports research data and makes statistical projections based on the evaluation of data. Exceptional skills in data analysis (qualitative &...",52500.0
Epidemiology Program Manager - Infectious Disease,State of Arizona,"Phoenix, AZ","$65,000 a year","This position maintains and shares information and data of a very confidential nature. Public health surveillance, computerized database management, data...",65000.0
Statistician,CVS Health,"Scottsdale, AZ","$90,000 - $110,000 a year","Proficiency with data access and manipulation with SAS and retrieving data from large databases with SQL, or similar data access, manipulations and statistical...",100000.0
Data Statistical Specialist VI (Job 2211),Arizona Supreme Court,"Phoenix, AZ","$56,677 a year","Data Statistical Specialist VI. Under the general direction of the Operations and Research Manager, the Specialist VI is responsible for compiling and analyzing...",56677.0
Predictive Analytics (Machine Learning),"Kennedy Unlimited Inc, Professional Staffing","Phoenix, AZ","$130,000 - $140,000 a year","Salary 130K to 140K We are assisting our Client, an innovative NEW high growth leader, Are you looking for more responsibility, More challenge. Leadership...",135000.0
Associate Scientist,Arizona Department of Environmental Quality,"Phoenix, AZ","$56,573 - $75,000 a year","The *Associate Scientist*. Interpret correlations between data, human activities and environmental effects with minimal review....",65786.5
Web Security Research Analyst,SiteLock,"Scottsdale, AZ","$50,000 a year","About SiteLock: SiteLock is the global leader in website security, currently protecting more than 12 million websites globally. SiteLock delivers 360-degree...",50000.0
Data Scientist,VincentBenjamin,"Scottsdale, AZ","$100,000 - $140,000 a year","Job Description – Senior Data Scientist:. As Senior Data Scientist, you will be a member of Our client's Science Team....",120000.0
Director of Cannabis Extraction,Vangst,"Phoenix, AZ","$80,000 - $100,000 a year","Excellent experimental design, data collection, results interpretation, and problem solving skills. Have a collaborative attitude and work closely with other...",90000.0
"Mid Level Data Scientist (Python, Scikit, Deep Learning)",Workbridge Associates,"Chicago, IL","$80,000 - $110,000 a year",This eCommerce company that builds and runs websites for retailers of musical instruments and pro audio is looking for a mid-level Data Scientist to add to the...,95000.0
Interdisciplinary,Department of the Army,"Chicago, IL 60641 (Portage Park area)","$44,853 - $71,326 a year","Mapping and topographic data, hydrologic and hydraulic data, environmental data, economic data, and related water resource development studies....",58089.5
Data Scientist,Workbridge Associates,"Chicago, IL","$90,000 - $110,000 a year",A well established and industry leading company seeking a full-time Data Scientist located in Burr Ridge. This company is seeking driven individuals to join...,100000.0
Statistical Analyst,S.C. International,"Chicago, IL","$80,000 a year",Extremely successful consulting practice has an immediate need for a Statistical Analyst. Our client is an industry leader in consulting to the healthcare...,80000.0
Data Scientist,Hirewell,"Chicago, IL","$105,000 a year","Presenting data as a story; Prototyping data science/machine learning models, then polishing later; Collating existing and new hypothesized data sets for PoC's;...",105000.0
Data Scientist,Jobspring Partners,"Chicago, IL","$90,000 - $110,000 a year","This company just merged with another, smaller, tech company and is looking to add a Data Scientist to their growing team....",100000.0
Senior Data Scientist,Jobspring Partners,"Chicago, IL","$100,000 - $130,000 a year",We are looking for Senior Data Scientists interested in working with one of the top financial services companies here in downtown Chicago!...,115000.0
Lead Data Scientist (Data Visualization),Workbridge Associates,"Chicago, IL","$100,000 - $150,000 a year",A major healthcare corporation located right in the Loop is building out a brand new data analytics team and looking for a Lead Data Scientist to help lead out...,125000.0
Lead Finance Data Scientist,Jobspring Partners,"Chicago, IL","$110,000 - $150,000 a year",We are looking for a Lead Data Scientist to join one of the fastest growing financial services companies here in Chicago....,130000.0
Data Scientist (NPO Startup),Michael Page US,"Chicago, IL","$65,000 - $90,000 a year","Data Factories, Data Lakes, Data Lake Analytics. Familiarity with data visualization tools such as PowerBI, Tableau....",77500.0
R&D Data Scientist,Jobspring Partners,"Hyde Park, IL","$100,000 - $120,000 a year",Big data tools. A premier academic institution is hiring a Data Scientist to collaborate with the faculty on their various projects within the finance and...,110000.0
Lead Medical Technologist - Blood Bank Specialist,"Veterans Affairs, Veterans Health Administration","Chicago, IL","$66,379 - $86,290 a year","Applicant must possess or meet the eligibility requirements for certification as a medical technologist (MT), or medical laboratory scientist (MLS), or clinical...",76334.5
Data Scientist -Fitness/Wellness Firm,Hirewell,"Chicago, IL","$120,000 a year",Bring structure to large quantities of data - turn unstructured data into structured data. Data Extraction Tools:....,120000.0
"Senior Level Data Scientist (Python, AWS)",Workbridge Associates,"Chicago, IL","$120,000 - $180,000 a year",This marketing company in Downtown Chicago is looking for a variety of Data Scientist. Any experience with Spark or Hadoop for data streaming and exposure to...,150000.0
Senior Data Scientist - Machine Learning - Insurance,Oliver James Associates,"Oak Park, IL","$120,000 - $160,000 a year","5 years experience within Data Science / Analytics. Experienced with Hadoop or similar Big Data tools. Degree qualified in Statistics, Computer Science,...",140000.0
Python Engineer (AI / Machine Learning),Jobspring Partners,"Chicago, IL","$95,000 - $115,000 a year","Experience using PostgreSQL, AWS, and Amazon Redshift for data storage and data warehousing. This company’s product is helping make that feeling universal by...",105000.0
Medical Technologist,"Veterans Affairs, Veterans Health Administration","Chicago, IL","$54,864 - $71,326 a year","KSA 7 - Skilled in informatics, laboratory data flow and the understanding of laboratory processes; For certification as a medical technologist (MT), or medical...",63095.0
Data Integration Architect,Request Technology,"Chicago, IL","$120,000 - $140,000 a year",Strong logical / physical data modeling across many different data management platforms. Data integration issues and integration patterns....,130000.0
Data Architect – Avro,Request Technology,"Chicago, IL","$110,000 - $140,000 a year",Prestigious Fortune 500 Firm is seeking a Data Architect. Identify gaps within existing data architecture and recommend alternative solutions....,125000.0
Risk Modeler,Jobspring Partners,"Chicago, IL","$110,000 - $130,000 a year","As one of the fastest-growing start ups in Chicago, a well-known FinTech company is hiring for a Data Scientist/Risk Modeler to work with their financial data...",120000.0
Deep Learning Engineer,Jobspring Partners,"Chicago, IL","$110,000 - $150,000 a year","Experience working as a consultant with other data scientists. The ideal individual is someone who is interested in taking on a heavy research role, act as more...",130000.0
Open Source Geniuses,Hirewell,"Chicago, IL","$120,000 a year","Familiarity with political technology and data. As a Software Engineer, you will join our Chicago-based technology team, working collaboratively with other...",120000.0
Full-Time Deep Learning Engineer,Jobspring Partners,"Chicago, IL","$100,000 - $150,000 a year","They are looking for a Deep Learning Engineer to come work with their Data Scientists. The position will be some of a Research and Development role, mixed with...",125000.0
Machine Learning/Data Science,CVS Health,"Northbrook, IL","$80,000 - $125,000 a year",Rapidly developing a deep understanding of CVS data and processes across multiple lines of business as well as serving as SME and data steward for others in the...,102500.0
"Data Scientist (Python, R, NLP)",Workbridge Associates,"Chicago, IL 60606 (Loop area)","$100,000 - $135,000 a year","An established, nationwide company in The Loop is looking to add a Data Scientist to their growing analytics team....",117500.0
Research Analyst,ClairVista,"Chicago, IL","$40,000 - $50,000 a year",Job Summary This position will research industry developments to support sales & marketing activities for our software product. ClairVista is a successful...,45000.0
Data Scientist with Text Analytics,System Guru Inc,"Chicago, IL","$160,000 - $200,000 a year","Build high-leverage tools for data collection, model training/testing, feature extraction, and more. Take ownership of the whole end-to-end machine learning...",180000.0
"Data Scientist (Python, R, and Azure)",Workbridge Associates,"Willowbrook, IL 60527","$80,000 - $110,000 a year",A well established and industry leading company seeking a full-time Data Scientist located in Burr Ridge. This company is seeking driven individuals to join...,95000.0
Data Scientist,Talener Group,"Hyde Park, IL","$70,000 - $80,000 a year",This role is for a Mid-Senior Level Data Scientist stationed at their office in Hyde Park. This person is responsible for understanding data and applying to...,75000.0
Data Scientist,"CPS, Inc","Chicago, IL","$110,000 - $130,000 a year","In this role, you will be responsible for developing predictive forecasting models from numerous data sources. We are looking for an experienced _Data Scientist...",120000.0
Market Research Analyst,"Handle With Care, Management Corporation","Chicago, IL","$50,000 - $80,000 a year","Analyze data using statistical software. Gather data on consumers, competitors, and market conditions. They gather data on consumer demographics, preferences,...",65000.0
Regional Enterprise Benefits Executive - Chicago,Lumity Inc,"Chicago, IL 60605 (Near South Side area)","$90,000 - $110,000 a year","An amazing team of tech professionals, data scientists and benefits specialists with the drive to deliver a superior benefits experience to our clients needs...",100000.0
Market Research Analyst - Digital Authority Partners,1871,"Chicago, IL","$42,000 - $55,000 a year","Interpret data, formulate reports and make recommendations. The successful market researcher will be able to analyze autonomously qualitative data, trends,...",48500.0
"MicroServices Engineer (Kafka, Docker, JAVA, Python, Scala, C/C++, CI/CD)",Oyster Tech Inc,"Chicago, IL","$75,000 - $85,000 a year","A diverse community of *internal and customer-based data scientists, statisticians, modelers, product developers and data strategists.*....",80000.0
Senior Statistical Market Analyst,Smith Hanley Associates,"Chicago, IL","$80,000 - $100,000 a year",Use client data and IRI/Nielsen point-of-sale data to frame up analytical projects. Experience using IRI or Nielsen syndicated data....,90000.0
Senior Android Developer,Akorbi,"Chicago, IL","$110,000 - $130,000 a year","We work collaboratively with both 'product teams' and data scientists in support of Company's business goals. Our objective is to collect, analyze and interpret...",120000.0
Certifying Scientist,Lighthouse Recruiting,"Chicago, IL","$62,000 - $80,000 a year","Reviews drug confirmation data from the laboratory, compares with the initial screening data for accuracy and release the results....",71000.0
Technology Expert I - Data Scientist,City & County of San Francisco,"San Francisco, CA 94103 (South Of Market area)","$124,228 - $168,298 a year",Select the 9976 Technology Expert I – Data Scientist (PEX-9976-076996) job announcement. Work with Enterprise Architect to scope the requirements to build...,146263.0
Planning and Research Analyst (HSI-Grant Funded),San Mateo County Community College District,"San Mateo, CA","$106,068 a year","Uses software packages to retrieve, edit, and tabulate data from various databases and files and data sources;...",106068.0
Machine Learning Engineer,Harnham,"San Francisco, CA","$160,000 a year","Data Science, Data Scientist, Engineer, Big Data, R, SQL, Python, Insight, Analytics, Data, Statistics, Modelling, Machine Learning, Algorithms, Bayesian....",160000.0
Director of Data Science,Harnham,"Redwood City, CA","$250,000 a year","Director of Data Science. Build, nurture and grow a team of Data Scientists at varying levels across Computer Vision and NLP....",250000.0
Lecturer - Sutardja Center for Entrepreneurship & Technology,University of California Berkeley,"Berkeley, CA","$58,945 - $158,270 a year","Product Management, Mobile Applications, Technology Entrepreneurship, Social Entrepreneurship, Technology Firm Leadership, Organizational Behavior, Patent...",108607.5
Supervisory Interdisciplinary Scientist,Department of Health And Human Services,"Alameda, CA","$128,802 - $161,900 a year","As a Supervisory Interdisciplinary Scientist, you will have the following responsibilities:. Specialized experience includes analyzing and evaluating complex...",145351.0
Student Success Lead,Dataquest,"San Francisco, CA","$75,000 a year","We're all self-taught engineers, data scientists, and marketers, and we're eager to help others take the same journey that we did....",75000.0
"Senior Vice President, Digital Analytics",Harnham,"San Francisco, CA","$250,000 a year","Machine learning and data analysis tools (e.g., Python, R). Senior Vice President, Vice President, VP, SVP, Digital Analytics, Marketing Sciences, Digital,...",250000.0
Senior Data Scientist - Medical Devices,Harnham,"San Francisco, CA","$150,000 a year",ROLE OVERVIEW - SENIOR DATA SCIENTIST. Senior Data Scientist - Cardiovascular Medical Device Start-Up. 3+ years experience as a Data Scientist in the Medical...,150000.0
Senior Data Scientist,Harnham,"San Francisco, CA","$150,000 a year",ROLE OVERVIEW - SENIOR DATA SCIENTIST. Senior Data Scientist - One of Americas fastest growing Tech Companies....,150000.0
Data Scientist,Jobspring Partners,"San Mateo, CA","$130,000 - $165,000 a year",A predictive marketing platform is looking for a Data Scientist to help them revolutionize the way that companies market and sell their products....,147500.0
Senior Data Scientist,Jobspring Partners,"San Mateo, CA","$120,000 - $160,000 a year","An exciting Machine Learning and AI driven Startup located in San Mateo is looking exceptional Senior Data Scientist to develop an AI systems that thinks,...",140000.0
Machine Learning Engineer,Jobspring Partners,"San Francisco, CA","$150,000 - $200,000 a year","Experience working on data pipelines at scale. An innovative startup is on a mission to support smart and driven entrepreneurs in data collection, data analysis...",175000.0
Senior Data Scientist,Workbridge Associates,"San Francisco, CA","$120,000 - $180,000 a year",This role requires an experienced data scientist that can creatively help tell stories using data visualizations and implement solutions....,150000.0
Head of Data Science - Machine Learning & NLP Startup (Series A) - Sa,Source Coders,"San Francisco, CA 94104 (Financial District area)","$125,000 - $180,000 a year",Head of Data Science Are you an experienced head of data science looking to use the latest machine learning techniques and natural language processing?...,152500.0
Lead Data Scientist,Harnham,"San Francisco, CA","$170,000 a year",ROLE OVERVIEW - LEAD DATA SCIENTIST. Lead Data Scientist - Rapidly Growing Tech Company. A rapidly growing Tech company based in San Francisco is looking for a...,170000.0
Principal Data Scientist (Personalization),Workbridge Associates,"San Francisco, CA","$160,000 - $180,000 a year",A recently funded San Francisco based mobile credit application startup company is rapidly growing and is hiring multiple Data Scientist for senior roles....,170000.0
Product Designer,Talent Avenue,"San Francisco, CA 94103 (South Of Market area)","$130,000 - $175,000 a year","You'll work closely with a cross-functional team of product managers, engineers, data scientists, laboratory scientists, and product operations specialists to...",152500.0
NLP/Machine Learning Engineer,Jobspring Partners,"Redwood City, CA","$120,000 - $140,000 a year","Ability to work on data mining , data science projects with application. Proven track record of solving critical business problems through data science....",130000.0
Senior Data Scientist (Business Intelligence),Workbridge Associates,"Oakland, CA","$120,000 - $140,000 a year","4+ years experience in a Data Science or Data Analyst role. You will work with a Lead Data Scientist and Head of Data Science to analyze customer behavior,...",130000.0
Senior Data Scientist - Computer Vision,Harnham,"Redwood City, CA","$200,000 a year","Senior Data Scientist - Computer Vision. YOUR ROLE AS SENIOR DATA SCIENTIST - COMPUTER VISION:. A compelling opportunity has arisen to join a game changing, AI...",200000.0
"Content Engineer (Data Parser), Life Science","CompareNetworks, Inc.","South San Francisco, CA 94080","$80,000 a year",Experience in data parsing Python. These tools accelerate biology research by assisting scientists in finding the products and technologies that drive discovery...,80000.0
Data Analyst,ADMIN FOR CHILDREN'S SVCS,"Manhattan, NY","$70,286 - $83,784 a year","Provide coaching and support to staff at DCP for using the developed performance data and reports, including training of DCP staff who participate in Data...",77035.0
Assistant Research Scientist OR Research Scientist 1,"Health, Department of","Albany, NY","$44,564 - $70,566 a year","Assistant Research Scientist (G14) - $44,564 - $56,888. Demonstrated proficiency in the collection, management, linkage, and analysis of environmental and human...",57565.0
GIS Analyst,DEPT OF ENVIRONMENT PROTECTION,"New York, NY","$59,708 - $72,246 a year","Performing environmental research by way of advanced GIS data analysis for water, storm/wastewater management and planning;...",65977.0
"Research Analyst, SUMH",Vera Institute of Justice,"New York, NY 10279 (Financial District area)","$40,000 - $50,000 a year","Experience cleaning, restructuring and managing data. Collecting and analyzing quantitative and qualitative data;...",45000.0
Junior Data Scientist,Darwin Recruitment,"Manhattan, NY","$80,000 - $130,000 a year","My client, an industry leading Investment Hedge Fund are on the hunt for a Junior Data Scientist to join their R&D team in central Manhattan....",105000.0
"Environmental Health Surveillance Analyst, Bureau of Childcare",DEPT OF HEALTH/MENTAL HYGIENE,"New York, NY","$59,708 - $65,678 a year","-Analyzing environmental and health data from a variety of sources, including but not limited to child care inspectional data;...",62693.0
RESEARCH SCIENTIST,HRA/DEPT OF SOCIAL SERVICES,"Manhattan, NY","$70,286 - $80,829 a year","And ensuring that data quality and security is maintained throughout the process of data collection, entry, and analysis....",75557.5
"Policy Analyst, Bureau of Chronic Disease Prevention and Tobacco Control",DEPT OF HEALTH/MENTAL HYGIENE,"Queens, NY","$70,286 - $81,000 a year","Two years as a City Research Scientist Level I can be substituted for the experience required in ""1"" and ""2"" above....",75643.0
"Panel Maintenance Analyst, World Trade Center Health Registry",DEPT OF HEALTH/MENTAL HYGIENE,"Manhattan, NY","$59,708 - $72,246 a year","-Assisting in survey intake, data capture processes, data cleaning and outreach for Registry follow-up surveys and ancillary studies....",65977.0
Environmental Compliance Specialist,DEPARTMENT OF TRANSPORTATION,"Manhattan, NY","$70,286 - $88,213 a year","Draft summaries, plans, reports, presentations, track data and maintain databases. Proficiency with GIS, strong communication skills, ability to research...",79249.5
Chief Analytics Officer,DEPT OF INFO TECH & TELECOMM,"Manhattan, NY","$75,338 - $170,000 a year","Lead and develop MODA?s core team of eight data scientists and project managers, and facilitate strategic collaboration among dozens of data analysts throughout...",122669.0
Data Scientist,MetroPlus Health Plan,"New York, NY","$90,000 - $115,000 a year","The Data Scientist will be tasked with leading data science projects to discover the information hidden in vast amounts of data, and help us make smarter...",102500.0
Researcher,DEPT OF HEALTH/MENTAL HYGIENE,"Manhattan, NY","$59,708 a year","City Research Scientist Level:. Two years as a City Research Scientist Level I can be substituted for the experience required in ""1"" and ""2"" above....",59708.0
"Informatics Specialist, Bureau of IT Informatics",DEPT OF HEALTH/MENTAL HYGIENE,"Queens, NY","$70,286 - $80,829 a year",-Rapidly combine disparate data stored on databases and linked data across common fields for integrated analysis in business intelligence and data visualization...,75557.5
City Research Scientist II,DEPARTMENT FOR THE AGING,"Manhattan, NY","$70,286 - $88,213 a year","Responsible for the analytic work and client data reports, which will help support community programs compliance with record keeping, and program planning,...",79249.5
Implementation and Improvement Research Associate,DEPT OF HEALTH/MENTAL HYGIENE,"New York, NY","$70,286 - $88,213 a year","Two years as a City Research Scientist Level I can be substituted for the experience required in ""1"" and ""2"" above....",79249.5
Director of Data Analytics and Reporting,DEPT OF DESIGN & CONSTRUCTION,"New York, NY","$60,435 - $161,497 a year",Ensuring effective data flow to external dashboards such as the Capital Projects Dashboard and Open Data portal;...,110966.0
"Manager, Service Data Analysis (Op Planning)",New York City Transit,"Manhattan, NY","$95,534 a year","The candidate should be proficient working with a variety of data sources and formats from across the agency, including large data sets and operational data....",95534.0
Research Scientist,University at Buffalo,"Buffalo, NY","$45,000 - $55,000 a year",Experience with managing large-scale data sets; Developing machine learning and mathematics methodologies to address the computational challenges of analyzing...,50000.0
"Water System Analyst, Bureau of Environmental Sciences and Engineering",DEPT OF HEALTH/MENTAL HYGIENE,"Queens, NY","$70,286 - $87,295 a year","Monitoring and overseeing the data exchange process of water quality testing, inspection, and remediation data to ensure the fulfillment of business...",78790.5
Data Infrastructure Engineer - Remote,Harnham,"New York, NY","$175,000 a year",Big Data Engineer. Ideally Data Science exposure. You will also be working with a 15 strong team of Data Scientists so an understanding of ML concepts would be...,175000.0
Industrial Hygienist,"Veterans Affairs, Veterans Health Administration","Wappingers Falls, NY","$82,304 - $106,998 a year",Collects and evaluates resultant data for assessment of hazards; Performs extensive research into technical and medical publications and coordinates with...,94651.0
Research Scientist 2 (OMSI),"Alcoholism and Substance Abuse Services, Office of","Albany, NY","$68,238 - $86,398 a year","Analyze and interpret data submitted as part of Local Services Plans, including:. Candidates must have permanent status as Research Scientist 2 (SG-22), and be...",77318.0
Hydrologist,DEPT OF PARKS & RECREATION,"Manhattan, NY","$72,000 - $84,000 a year","Strong GIS, spatial and statistical analysis and data management skills.8. Compile, analyze and interpret data and present results using field and desktop...",78000.0
Senior Research Support Specialist,Stony Brook University,"Stony Brook, NY","$48,000 - $52,000 a year",Prepare material for data reports of study progress. Utilize EMR systems as needed to extract patient data for research....,50000.0
Institutional Research Analyst,SUNY Cobleskill,"Cobleskill, NY","$45,000 - $50,000 a year",Experience working with and extracting data from a student information system (i.e. The Research Analyst is responsible for producing information on...,47500.0
"Data Manager, Bureau of Maternal Infant and Reproductive Health",DEPT OF HEALTH/MENTAL HYGIENE,"New York, NY","$59,708 - $65,678 a year",Data Manager & Research Analyst with the implementation of research and evaluation studies - Contribute to knowledge management activities around maternal and...,62693.0
Director of Evaluation,DEPT OF YOUTH & COMM DEV SRVS,"Manhattan, NY","$87,768 - $113,838 a year",These three people are charged with building and enhancing capacity for a reflective practice by improving agency use of data;...,100803.0
Institutional Research Analyst,Farmingdale State College,"Farmingdale, NY","$58,000 a year","Demonstrated ability to compile data from large relational databases, administer surveys, compile data and interpret the results and statistics....",58000.0
Project Director,BOARD OF CORRECTION,"New York, NY","$78,630 - $103,332 a year",Evaluate and monitor the following data and reports from DOC and H+H:. Two years as a City Research Scientist Level I can be substituted for the experience...,90981.0
Director of Data Science Retail Banking,Harnham,"New York, NY","$190,000 a year","Director of Data Science, Data Scientist, Data Science, Analytics, Machine Learning, Statistical Analysis, Predictive Analytics, Banking, Financial Services....",190000.0
Research Scientist 2,"Children & Family Services, Office of","Rensselaer, NY","$68,238 - $86,398 a year","Extracting, preparing, and analyzing data from administrative databases to respond to programmatic data requests and federal reporting requirements;...",77318.0
Data Scientist,Oliver James Associates,"New York, NY","$160,000 a year","Data Modeling, Data Mining, Pattern Analysis, Data Visualization, and Machine Learning. Are you an experienced data scientist with the ability to tell a...",160000.0
"Data Analyst, Bureau of Epidemiology Services",DEPT OF HEALTH/MENTAL HYGIENE,"Queens, NY","$70,286 - $87,295 a year","- Process data to prepare them for analysis, including recoding variables and imputing missing data. The data analyst will also analyze other datasets such as...",78790.5
GEOLOGIST 1,DEPT OF ENVIRONMENT PROTECTION,"Manhattan, NY","$45,919 - $52,807 a year",Interpretation of geologic data for recommendations of shaft and tunnel support systems; Evaluate buildings and use plans and environmental data to determine...,49363.0
Machine Learning Engineer,Darwin Recruitment,"New York, NY","$150,000 - $180,000 a year",Big data technologies:. Darwin Recruitment are currently partnered with a Global Software Business (SAAS)....,165000.0
"Data Analyst, Bureau of Early Intervention",DEPT OF HEALTH/MENTAL HYGIENE,"Queens, NY","$59,708 - $65,678 a year","The Data Analyst will:. Assist with data management activities and analysis for the Bureau with support from the Director of Research and Evaluation, the Data...",62693.0
Data Engineer / Scientist - Machine Learning,3coast,"New York, NY","$120,000 - $160,000 a year",Data Engineer / Scientist - Machine Learning. This Client is looking for their next senior data engineer / scientist....,140000.0
"Health Economic Analyst, Office of Strategic Data Use/FDC Office",DEPT OF HEALTH/MENTAL HYGIENE,"Queens, NY","$78,630 - $90,425 a year","Become a proficient user of health care claims/utilization data, including Medicaid data extracted from the Salient Interactive Miner and the Statewide Planning...",84527.5
Sr. Modeling Data Scientist,S.C. International,"New York, NY","$130,000 a year",Insurance organization is seeking talent to join growing corporate analytics group. Great opportunity to join a fast paced and entrepreneurial department....,130000.0
Senior Data Scientist - NYC,Darwin Recruitment,"New York, NY","$170,000 - $200,000 a year",Together we are searching for a Senior Data Scientist (5 years professional experience). Darwin Recruitment are currently partnered with a Data Science...,185000.0
Senior Data Scientist - Modeling,Harnham,"New York, NY","$150,000 a year","Senior Data Scientist - Modeling. As a Senior Data Scientist, you will be an integral part of drafting the new work flow for data and analytics within the...",150000.0
Data Engineer,Robert Walters,"New York, NY","$160,000 - $185,000 a year",The Data Engineer will support the Data Scientists internally with all projects. Work closely with data scientists to construct creative solutions for their...,172500.0
Research Analyst (law firm) $75K+,ONeil Search Group,"New York, NY","$75,000 a year","An Am Law 50 law firm with 16 offices worldwide, has an opening for a Research Analyst within our Research Services Department. The Research Analyst works as...",75000.0
Head of Data Science,Harnham,"New York, NY","$250,000 a year","Head of Data Science. Head of Data Science | Media | Data & Technology | Strategy. As an accomplished data scientist you will source, select and evaluate...",250000.0
"Deputy Director, Bureau of Mental Health",DEPT OF HEALTH/MENTAL HYGIENE,"Queens, NY","$87,768 - $107,000 a year","A background and experience with program evaluation methodologies, research, survey development and implementation, data collection and data analysis is...",97384.0
Marketing Research Analyst/Consumer Insights Analyst,The Forum Group,"New York, NY 10016 (Gramercy area)","$45,000 - $65,000 a year","Work with Group Manager/Director on client requests, analyze data and produce deliverables. Should be able to interpret data from different perspectives, assist...",55000.0
Quant Software Developer,3coast,"New York, NY","$100,000 - $150,000 a year","Understand Their data pipelines, maintain their data jobs. Use initial experience with data to generate ideas on analyzing this data....",125000.0
"Senior Project Officer, Bureau of HIV/AIDS Prevention and Control",DEPT OF HEALTH/MENTAL HYGIENE,"Queens, NY","$70,286 - $87,295 a year","Establish and maintain working relationships with HIV testing community partners.- Collect and monitor HIV testing data from community partners, assess data for...",78790.5
PROJECT MANAGER,HRA/DEPT OF SOCIAL SERVICES,"Manhattan, NY","$70,286 - $80,829 a year",Research and utilize program data and administrative data to manage project development and implementation within agency program areas....,75557.5
Natural Language Processing Engineer (NLP),Darwin Recruitment,"New York, NY","$150,000 - $180,000 a year","A talented data scientist, who is experienced with advanced natural language processing algorithms. Able to apply your knowledge in extracting useful...",165000.0
Senior Data Scientist - Financial Services,Harnham,"New York, NY","$180,000 a year","Senior Data Scientist - Financial Services. Our client is interested in hiring a Senior Data Scientist, essentially with experience analyzing financial and...",180000.0
"Evaluation Lead, Bureau of Systems Strengthening and Access",DEPT OF HEALTH/MENTAL HYGIENE,"Queens, NY","$85,211 - $110,522 a year","This position will be part of a team of data scientists managing and developing tools for enhances measurement and analytics, as well as providing rapid...",97866.5
Senior Data Scientist,Workbridge Associates,"New York, NY","$110,000 - $160,000 a year","4+ years experience as a Data Scientist or similar role. The Data Scientist position would implement machine learning solutions, work with customers to overcome...",135000.0
Data Scientist,Darwin Recruitment,"New York, NY","$150,000 - $180,000 a year",Together we are searching for multiple Data Scientists to join an exciting department that are responsible for the development of various systems that manage...,165000.0
"Data Scientist (Python, C, Hadoop, Tensorflow)",Workbridge Associates,"Farmers Branch, TX","$100,000 - $120,000 a year",An established analytics and logistic solutions platform in Chicago is looking to add a Data Scientist to their team....,110000.0
Software Architect - building a machine learning search engine,Workbridge Associates,"Dallas, TX","$140,000 - $145,000 a year","They provide best-in-class research, data, and analytics tools and services to advise and assist their clients....",142500.0
Data Scientist – Exposure to everything on a humble team,Camden Kelly,"Dallas, TX","$70,000 - $110,000 a year","Collaborate with fellow Data Scientists, Programmers, and Statisticians to transition research algorithms into production software....",90000.0
Research Associate,University of Texas at Dallas,"Richardson, TX","$48,000 a year",Next-generation sequencing and data intepretation. Prior post-doctoral scientists in the Pain Neurobiology Research Group at UT-Dallas have received pathway to...,48000.0
LCMS Scientist/Technologist,"Gulfstream Diagnostics, LLC","Dallas, TX","$45,000 - $60,000 a year",Reviewing and preparing final reports based on all data submitted an assay results. We are seeking a talented LCMS Certifier/Analyst to join our team....,52500.0
Social Media Manager,Advantica Worldwide / Advantica Enterprises,"Dallas, TX 75219 (Oak Lawn area)","$36,000 - $74,000 a year",Job Summary Social Media Manager Advantica Worldwide / Advantica Enterprises The individual given this position is always on and keeping tabs on...,55000.0
Regional Enterprise Benefits Executive - Dallas,Lumity Inc,"Dallas, TX","$90,000 - $110,000 a year","An amazing team of tech professionals, data scientists and benefits specialists with the drive to deliver a superior benefits experience to our clients needs...",100000.0
Certifying Scientist,Lighthouse Recruiting,"Dallas, TX 75231 (Lake Highlands area)","$65,000 - $75,000 a year",5+ years of experience as a Certifying Scientist. Reviewing and preparing final reports based on all data submitted an assay results....,70000.0
Junior Data Scientist -,Workbridge Associates,"Malvern, PA","$75,000 - $100,000 a year","Data Visualization experience. Experience with heavy data extraction. And guess what, they’re looking to make someone’s dream come true by looking to bring on...",87500.0
Data Scientist,Workbridge Associates,"Philadelphia, PA","$100,000 - $130,000 a year",Experience with Big Data. A software company located in Philadelphia is seeking a Mid to Senior Level Data Scientist to join their team....,115000.0
Backend Engineer,Oncora Medical,"Philadelphia, PA","$80,000 - $120,000 a year",Improve and optimize existing data pipelines in conjunction with data scientists and engineers. Identify and extract useful information from heterogeneous data...,100000.0
Quant Research Analyst,3coast,"Philadelphia, PA","$150,000 - $250,000 a year","Experience in data and time series analysis strongly preferred. 2+ years of professional and/or academic experience in model development, big data analysis and...",200000.0
Project Manager for the Research and Evaluation,Public Health Management Corporation,"Philadelphia, PA","$50,000 a year","Data presentation expertise in preparation of state-of-the-art data presentation materials including figures, tables, graphs, infographics, and communication...",50000.0
Infrastructure Data Engineer,Harnham,"Philadelphia, PA","$180,000 a year",Big Data Engineer. Ideally Data Science exposure. You will also be working with a 15 strong team of Data Scientists so an understanding of ML concepts would be...,180000.0
Data Scientist - Big Data,"Computer Enterprises, Inc.","Philadelphia, PA 19103 (Belmont area)","$100,000 - $120,000 a year",Is currently hiring for a Data Scientist for our client in center city Philadelphia.Responsible for gathering and assessing business information needs and...,110000.0
Machine Learning Engineer - Healthcare and Pharma,Workbridge Associates,"Philadelphia, PA","$90,000 - $140,000 a year","Data Mining experience. Experience within a Big Data environment (MapR, HDFS, Aster, OpenStack). By using expansive prescription data sets ranging from text...",115000.0
DevOps/Cloud Engineer,Workbridge Associates,"Philadelphia, PA","$80,000 - $110,000 a year","Experience working with researchers, scientists or in an academic environment is a plus. This DevOps Engineer is going to be taking on a large technical...",95000.0
"Senior Software Engineer - Java, Python, C++, Machine Learning",Workbridge Associates,"Mount Laurel, NJ","$105,000 - $155,000 a year","Prior experience within a DevOps or Big Data role/team. Experience working within Big Data systems such as Hadoop, Teradata, etc....",130000.0
Mid to Senior JavaScript Software Developer,Workbridge Associates,"Newtown, PA","$100,000 - $140,000 a year","They have data teams, data scientist, python dev teams and front end teams so you will have the ability to work across many departments....",120000.0
"Data Scientist, Analyst",Excel Health,"Philadelphia, PA","$70,000 - $120,000 a year","Data Analytics and Corrections. Validate data sets for reasonability. Our Data Scientists are the lifeblood of our company, translating our vast healthcare data...",95000.0
Data Scientist - Big Data,"Computer Enterprises, Inc. (CEI)","Philadelphia, PA","$100,000 - $120,000 a year","Uses data mining and data analysis tools. Performs analyses, development and evaluation of data mining in a data warehouse environment which includes data...",110000.0
"Data Scientist (Insurance) - Python, R, Visualization",Oscar Technology,"Philadelphia, PA","$110,000 - $130,000 a year","Data Scientist Role Requirements*. This Data Needs You!.. _Data Scientist (Insurance) - Python, R, Visualization, Statistics, Critical Thinking - Philadelphia,...",120000.0
"Data Quality Analyst, Quality Assurance",Excel Health,"Philadelphia, PA","$60,000 - $100,000 a year",Internal Data Validation*. The Quality Assurance Data Scientist is responsible for safeguarding the high level of data quality and integrity expected by our...,80000.0
Backend Software Engineer,Inspire,"Philadelphia, PA","$80,000 - $90,000 a year","Work with data scientists and data engineers to build our data infrastructure. Develop APIs, data services and batch jobs to deliver data that enable our...",85000.0
Senior Data Scientist,Smith Hanley Associates,"Philadelphia, PA","$120,000 - $150,000 a year",Senior Data Scientist. Senior Data Scientist Overview:. Seeking a Senior Data Scientist to tackle difficult data problems and deliver the most scalable...,135000.0
Predictive Analytics (Machine Learning),"Kennedy Unlimited Inc, Professional Staffing","Wilmington, DE","$130,000 - $140,000 a year","Salary 130K to 140K We are assisting our Client, an innovative NEW high growth leader, Are you looking for more responsibility, More challenge. Leadership...",135000.0
Research and Data Analysis Assistant,CFI Consulting,"Newtown, PA","$31,000 - $33,000 a year",Analyze information to identify variances and/or trends in the data. We are currently seeking a research analyst for a busy Pharmaceutical Research firm....,32000.0
Sr. Color Instrumentation Scientist,Chatham Group,"Philadelphia, PA","$140,000 a year","Color Instrumentation Scientist. The scientist employs technical skills in optical measurement, modeling, algorithm development, visual psychophysics, color...",140000.0
Operations Research Analyst,Department of the Air Force,"Buckley AFB, CO","$72,168 - $155,073 a year","An example of specialized experience includes extracting& organizing raw cost data under general direction from the team leader, conducting basic mathematical...",113620.5
Geodesist (Gravity Scientist) ZP-1372-04 (DE/CR),Department of Commerce,"Boulder, CO","$92,969 - $142,821 a year","Geodesist (Gravity Scientist), ZP-1372-04. Collect and process terrestrial and airborne gravity data. Ability to collect high quality terrestrial and airborne...",117895.0
Animal Care Tech I,University of Colorado,"Boulder, CO","$28,000 - $29,000 a year",Experience entering and manipulating data in a database. You will also provide routine and specialized care for a variety of species of small laboratory animals...,28500.0
Computer Scientist (DHA),Department of Commerce,"Boulder, CO","$65,228 - $101,641 a year",Computer Research Scientists. Computer And Information Research Scientists. This vacancy may be used to fill other Computer Scientist positions at the Institute...,83434.5
Software Engineer/Programmer II,UCAR,"Boulder, CO","$70,449 - $88,061 a year","And interacts with users, scientists and data providers to build user centered products. Integrates technology within complex data information systems;...",79255.0
"Data Scientist - Machine Learning, Python, Linguistics",Oscar Technology,"Denver, CO","$90,000 - $150,000 a year","Data Scientist Role Requirements*. Over the last year, the newly formed Data Scientist team (currently at 4) has added immense value to the business and they...",120000.0
Data Science to Patient Value (D2V) Scholars Program,University of Colorado Anschutz Medical Campus,"Aurora, CO 80045","$50,000 - $70,000 a year","Big Data Science and Engineering (BDSE). Additionally, scholars will have the opportunity to engage in existing CU programs, providing unique experiences in...",60000.0
Regional Enterprise Benefits Executive - Denver,Lumity Inc,"Denver, CO","$90,000 - $110,000 a year","An amazing team of tech professionals, data scientists and benefits specialists with the drive to deliver a superior benefits experience to our clients needs...",100000.0
Sr. Process Scientist,Germer International LLC,"Denver, CO","$90,000 - $140,000 a year",Data analysis and innovative problem-solving skills are considered essential. Opportunity to collaborate with highly skilled Scientists on the team....,115000.0
Government Enterprise Architect,xentity corporation,"Denver, CO","$95,000 - $127,000 a year","Validate data models (logical and physical) for adherence to data management standards. Maintain a data dictionary containing information about data, including...",111000.0
"RESEARCH ANALYST II, BEHAVIORAL SCIENCES",Los Angeles County Department of Human Resources,"Los Angeles, CA","$58,416 - $72,571 a year","Research experience working with Statistical Analysis Software (SAS) package, Microsoft ACCESS, and Microsoft Excel to import/export, manage large data sets...",65493.5
Research Associate,USC,"Los Angeles, CA","$44,662 - $74,434 a year","The candidate will work in close collaboration with a diverse team consisting of cancer researchers, computational scientists and clinicians to generate and...",59548.0
Data Scientist (Python),Workbridge Associates,"Los Angeles, CA","$100,000 - $150,000 a year","This Data Scientist will be collaborating with the Lead Data Scientist to carry out research by using machine learning and computational statistics skills, and...",125000.0
HUMAN RESOURCES ANALYST III - TEST RESEARCH,Los Angeles County Human Resources,"Los Angeles County, CA","$78,525 - $102,985 a year","A multiple choice test measuring quantitative problem solving, reading comprehension, reasoning, and data interpretation....",90755.0
"MEDICAL TECHNOLOGIST, LABORATORY INFORMATION SYSTEMS",Los Angeles County Department of Human Resources,"Los Angeles, CA","$78,331 - $102,730 a year","Clinical Laboratory Scientist, Limited Clinical Laboratory Scientist, Clinical Microbiologist Scientist License, or Public Health Microbiologist Certificate...",90530.5
IT Recruiter,Career Strategies,"Los Angeles, CA 90036","$50,000 a year","We focus on working with the top Software Engineers, Data Scientists, Data Engineers and Executives/Leaders in the tech world - and as such, work with some...",50000.0
Senior Data Scientist,CareerMonks,"Los Angeles, CA","$120,000 - $170,000 a year","Qualifications: * Ph.D. degree in Computer Science, Statistics or related discipline, plus 2-4 years of relevant post-PhD work experience; * In lieu of a Ph.D....",145000.0
Jr. Business Insights,CoEfficient Labs,"Santa Monica, CA","$40,000 - $48,000 a year","CoEfficient Labs is an award-winning team of designers, growth hackers, and data scientists. Data Analysis and Insights....",44000.0
Postdoctoral Fellow,Natural History Museum of Los Angeles County,"Los Angeles, CA 90007","$50,000 a year",Collaborate with other UNRC scientists to write competitive grant proposals; Conduct large-scale statistical analyses using data from weather stations and...,50000.0
Postdoctoral Researcher,UCLA (Cedars-Sinai Medical Center),"Los Angeles, CA","$49,000 - $52,000 a year","However, abundant opportunities exist for collaborations with other scientists focused on other disease sites....",50500.0
Data Analyst (Statistical Analysis),TekVizor,"Los Angeles, CA","$70,000 - $100,000 a year","Data Mining, loading data, joining tables, select statements, etc... As a member of the Data team, you will be tasked with weaving structured and unstructured...",85000.0
Cyber Defense Officer,United States Army,"Los Angeles, CA","$40,000 - $60,000 a year","Are you a programmer, web developer or data scientist? Generally, Army Cyber Command is interested in applicants with a four-year degree, master’s degree, or...",50000.0
Paid Acquisition Lead,CoEfficient Labs,"Santa Monica, CA","$42,000 - $65,000 a year","Work with Data Team to Analyze & Interpret Client Data. CoEfficient Labs is an award-winning team of designers, growth hackers, and data scientists....",53500.0
Data Scientist,LT,"Los Angeles, CA","$100,000 - $160,000 a year",They are looking for midlevel to senior *Machine Learning Data Scientist*. You will be reporting n to the Director of Data Science and work with one other Data...,130000.0
Clinical Lab Research Scientist,Research & Development Institute,"Van Nuys, CA 91406","$35,000 - $40,000 a year","We are seeking a Lab Scientist to manage all our assay validation and testing protocols. Act as the technical project leader for multiple projects, provides...",37500.0
Project Manager-Green Infrastructure,Council for Watershed Health,"Los Angeles, CA","$55,000 - $60,000 a year","Design and implement monitoring for green infrastructure projects with our water quality scientists, including the development of MRPs, QAPPs, PAEPs, water &...",57500.0
Senior Laboratory Analyst,Labs-Mart LLC.,"Anaheim, CA","$66,000 - $72,000 a year","Managing and interpreting analytical data. The Senior Scientist will supervise analysts, troubleshoot HPLC and GC instruments, and work closely with management...",69000.0
Research Analyst in Automobile/Electronic Manufacture (SCA#22743),TOP Los Angeles,"Torrance, CA","$55,000 - $65,000 a year","Interpret data, formulate reports and make recommendations. Working knowledge of data warehousing, modelling and mining....",60000.0
Senior Big Data Engineer,LT,"Los Angeles, CA","$150,000 - $190,000 a year",Our data team consists of three data analysts and three data scientists. Develop highly scalable real-time data....,170000.0
Senior Technical Recruiter,Hire Conscious,"Manhattan Beach, CA","$50,000 - $150,000 a year","We focus on working with the top Software Engineers, Data Scientists, and Executives in the tech world - and as such, work with some amazing companies....",100000.0
Accounting Manager,The Hiring Advisors,"Los Angeles, CA 90045","$80,000 - $100,000 a year","Our client is a rapidly growth start up on the westside near LAX, they are merging the worlds of science, data and technology....",90000.0
Senior iOS Developer,LT,"Los Angeles, CA","$150,000 - $180,000 a year","Our data team consists of two data analysts and 3 data scientists. Some of the data tools include Kafka, Spark and more....",165000.0
Senior Java Applications Engineer,LT,"Los Angeles, CA","$100,000 - $160,000 a year",Our data team consists of two data analysts and 3 data scientists. Developing next generation data intensive distributed....,130000.0
Software Developer - Simon Initiative,Carnegie Mellon University,"Pittsburgh, PA","$43,000 - $75,000 a year","Collaborate with software engineers, learning scientists, course developers, domain experts, visual designers and usability specialists to define software...",59000.0
Software Engineer - Simon Initiative,Carnegie Mellon University,"Pittsburgh, PA","$60,000 - $97,000 a year","Collaborate with software engineers, learning scientists, course developers, domain experts, visual designers and usability specialists to define software...",78500.0
CNUP Assistant,The University of Pittsburgh,"Pittsburgh, PA","$18,564 - $28,860 a year","Expertise with Mac and PC computer formats, word processing, data base, and spread sheet packages. Their research interests span the breadth of neuroscience,...",23712.0
Research Technician,The University of Pittsburgh,"Pittsburgh, PA","$23,868 - $37,752 a year",Consults with senior scientists and scientific literature and reports data on project progress to supervisor and team....,30810.0
Research Analyst,University of Miami,"Coral Gables, FL","$32,900 - $59,100 a year",Ability to analyze data and formulate conclusions. The University of Miami is considered among the top tier institutions of higher education in the U.S....,46000.0
Research Analyst / SAS Programmer,University of Miami,"Coral Gables, FL","$32,900 - $59,100 a year",Conduct routine data checks to ensure data integrity and completeness. Develop and implement strategies for real-time data QC....,46000.0
Lead Research Analyst - Pre-Award,University of Miami,"Coral Gables, FL","$77,600 - $139,600 a year","Collect information for proposals which includes follow up data on trainees, project write-ups, biographical sketches, resources, etc....",108600.0
Senior Research Associate 1,University of Miami,"Coral Gables, FL","$32,900 - $59,100 a year","Processes, organizes and summarizes data. Present data in laboratory meetings and other venues. Solve problems in scientific and technical execution, interpret...",46000.0
BIOLOGICAL SCIENTIST III,The State of Florida,"Fort Lauderdale, FL 33315 (River Oaks area)","$35,000 - $37,000 a year",BIOLOGICAL SCIENTIST III - 64080123. Ability to perform quantitative analysis of scientific data. Knowledge of the methods of data collection and analysis....,36000.0
Financial Analyst (Research Analyst),University of Miami,"Coral Gables, FL","$32,900 - $59,100 a year",Prepares monthly income statements by consolidating accounting data and providing written interpretation of results;...,46000.0
Sr. Research Associate 2 - Pediatrics,University of Miami,"Coral Gables, FL","$46,400 - $83,600 a year","In addition, the candidate should be able to carry out extensive qualitative and quantitative data analysis such as image analysis and processing....",65000.0
(Temporary Medical) Research Laboratory Technician,University of Miami,"Coral Gables, FL","$27,400 - $49,400 a year","Processes, organizes and summarizes data. Uses computers to record experimental data and computerized equipment for research, and may assist with analysis of...",38400.0
R&D Scientist,Affinity Resources,"Fort Lauderdale, FL","$47,000 - $57,000 a year","Compile, analyze, and interpret data in order to generate accurate test results and draw consistent and meaningful conclusions. R&D (Research & Development)....",52000.0
Scientist: Quality Control,Affinity Resources,"Plantation, FL","$45,000 - $55,000 a year","Compile, analyze, and interpret data in order to generate accurate test results and draw consistent and meaningful conclusions. Temp to Perm....",50000.0
"Assistant Scientist - School of Medicine, Human Genetics",Emory University,"Atlanta, GA","$59,200 a year","Analysis of study data; Entering data into an electronic database; Collecting family, health, and medical history data;...",59200.0
Assistant Scientist (AR),Emory University,"Atlanta, GA","$59,200 a year","He/She will synthesize new molecules, utilize HPLC, NMR, and mass spectrometry to achieve results from experiments, collect and analyze data, draft scientific...",59200.0
Data Scientist,SimplePart,"Atlanta, GA","$75,000 - $110,000 a year",We are looking for an experienced Data Scientist to join our Business Analytics group and help us use data to tackle our most challenging questions....,92500.0
Assistant Scientist (AR) SOM,Emory University,"Atlanta, GA","$59,200 a year","Duties will include but are not limited to experimental design, data analysis, and interpretation and communication of results of basic and/or translational...",59200.0
Research Informatics Analyst,Emory University,"Atlanta, GA","$98,400 a year",In addition s/he will be responsible for developing tools for faculty use to visualize data. Knowledge of data and information systems standards relevant to the...,98400.0
Associate Scientist (AR),Emory University,"Atlanta, GA","$71,700 a year",Attend meetings and present data. The Associate Academic Research Scientist performs a wide range of highly technical and complex research duties and has...,71700.0
Lead Mathematical Statistician,Centers for Disease Control and Prevention,"Atlanta, GA","$106,380 - $138,296 a year","Design and develop mathematical statistical models, methods, and techniques such as sample and survey designs for related data collection....",122338.0
"Scientist, Asc (AR)",Emory University,"Atlanta, GA","$70,600 a year",Proficient in data and statistical analysis using GraphPad Prism and/or Microsoft Excel. The Associate Academic Research Scientist performs a wide range of...,70600.0
Associate Sponsored Research Analyst,Emory University,"Atlanta, GA","$62,200 a year",This Associate Sponsored Research Analyst will be a part of the OSP Subaward Team and will provide assistance to faculty in the issuance of all out-going...,62200.0
"Scientist, Asst (AR) School Of Medicine (SOM)",Emory University,"Atlanta, GA","$59,200 a year","Staff Scientist Position in Neurorestoration. Duties will include but are not limited to experimental design, data analysis, and interpretation and...",59200.0
Assistant Scientist--Emergency Radiology-- (AR) SOM,Emory University,"Atlanta, GA","$59,200 a year","Duties will include but are not limited to experimental design, data analysis, and interpretation and communication of results of basic and/or translational...",59200.0
Microbiologist,Centers for Disease Control and Prevention,"Atlanta, GA","$90,023 - $117,028 a year","Collaborate with scientists and program consultants in various aspects of the study or survey design process, and other study support duties including analyzing...",103525.5
"Sponsored Research Analyst, Senior Associate",Emory University,"Atlanta, GA","$67,400 a year",* This position is located in the central Office of Sponsored Programs **Provides assistance to faculty and staff in preparing complex grant or contract...,67400.0
Laboratory Aide 3,Georgia Department of Public Health,"Decatur, GA","$20,472 - $24,000 a year","Under broad supervision, assists technicians and laboratory scientists with data or specimen collection and laboratory procedures....",22236.0
Supervisory Health Sceintist,Centers for Disease Control and Prevention,"Atlanta, GA","$125,132 - $161,900 a year","As a Supervisory Health Scientist, you will:. Identify and apply analytical methods, techniques, and tools to analyze and interpret data....",143516.0
Systems Software Engineer,Emory University,"Atlanta, GA","$86,400 a year",Strong willingness to adhere to the security restrictions inherent in environments that have sensitive data (such as patient data)....,86400.0
Principal Data Architect - Data Cloud,Choice Technology Group,"Atlanta, GA","$130,000 - $144,000 a year","Strong understanding of algorithms, big data framework, and data structures. 5+ years of data engineering, data science or software engineering experience....",137000.0
Data Scientist,Zyston,"Atlanta, GA 30303 (Five Points area)","$120,000 - $140,000 a year","Data ScientistWe’re currently looking for a Data Analyst to join the team in Kennesaw, Ga. This position will lead the development of digital data definitions...",130000.0
IT DATA ANALYST-JUNIOR,ASTA CRS INC.,"Atlanta, GA","$52,000 a year",Data Analyst role joining our Data & Analytics team. JUNIOR DATA ANALYST*. Working on advanced analytical projects for clients under supervision of lead data...,52000.0
Sr. Research Analyst,"Competitive Promotion Report, LLC","Marietta, GA","$65,000 - $75,000 a year",Extracting relevant data from the CPR databases and combining with data from external sources. Quickly acquire knowledge of CPR’s databases and take actions to...,70000.0
Consumer Banking Analyst - Data Scientist,Principle Solutions Group,"Atlanta, GA","$95,000 a year","Requirements for Data Scientist:. Consumer Banking Analyst - Data Scientist - Atlanta, GA - $95K/yr. Our Fortune 500 financial client is looking for a Data...",95000.0
Research Scientist Lead,Deerland Enzymes,"Kennesaw, GA","$45,000 - $60,000 a year","Work collaboratively with various departments to compile, analyze, and interpret data. The Research Scientist Lead is responsible for the financials,...",52500.0
Senior Data Scientist,Principle Solutions Group,"Atlanta, GA","$120,000 a year",Senior Data Scientist. Requirements for Senior Data Scientist:. Our enterprise client is looking for a Senior Data Scientist to join their Data Science and...,120000.0
Certification Scientist,Lighthouse Recruiting,"Atlanta, GA","$55,000 - $70,000 a year","The Certification Scientist employs quantitation software for data analysis. A growing clinical toxicology laboratory in Atlanta, GA is seeking a Certification...",62500.0
Front End/UI Developer,Prestige Staffing,"Alpharetta, GA","$80,000 - $120,000 a year","You will join a small team researching innovative data mining, data visualization and workflows for their security software product....",100000.0
"Accounting Policy, Research and Special Projects Senior Analyst",IITS,"Duluth, GA","$75,000 a year","Title: Accounting Policy, Research and Special Projects Senior Analyst Location: Duluth, GA Type: Full Time Salary: $75,000+Benefits Client: NCR ...",75000.0
"Senior Data Scientist - Imagination Data Science, Business Insurance",Liberty Mutual,"Seattle, WA","$111,500 - $160,000 a year",Imagination Data Science. (IDS) is seeking a Senior Data Scientist at the Assistant Director or Director. Help interpret insurance data....,135750.0
Director Statistical Programming,EPM Scientific,"Seattle, WA","$220,000 - $240,000 a year",Management of all of SDTM data sets. Director Statistical Programming....,230000.0
Wetland Regulatory Expert (Environmental Specialist 5),State of Washington,"Bellevue, WA","$54,072 - $71,040 a year","Wetland certification or professional wetland scientist credential. In connection with this work conducts field research including data collection and analysis,...",62556.0
SSIS Data Scientist,Derex Technologies Inc.,"Bellevue, WA","$100,000 a year","Ability to perform data investigation (e.g., data source identification, feasibility of joins, determine data reasonableness based on business insights)....",100000.0
Research Scientist,CuraCloud Corp,"Seattle, WA 98104 (First Hill area)","$60,000 - $70,000 a year",The research scientist will be involved closely in research projects. She/He should be capable of utilizing basic and advanced lab instruments to perform...,65000.0
Research Analyst,Kosmos Management,"Seattle, WA 98101 (Downtown area)","$55,000 - $65,000 a year","Proficient in Excel, Word, and other data base tools. Work with Fund Controller with data verification and accuracy....",60000.0
Machine Learning Engineer,Glocomms,"Seattle, WA","$150,000 - $170,000 a year",Ideally you with have an even split between machine learning and software development and is able to think outside the box in order to deliver on data products...,160000.0
Sr Data Scientist,Pre-eminent Recruitments,"Bellevue, WA","$145,000 a year","Sr Data Scientist*. The Senior Data Scientist is a knowledgeable leader who is passionate about data modeling, forecasting, optimization, and possesses a strong...",145000.0
Research Program Coordinator,VA Puget Sound Health Care System & University of...,"Seattle, WA 98108 (Georgetown area)","$50,000 - $75,000 a year","Research Scientist VA Puget Sound Health Care System, Seattle, WA. Ensures assigned studies adhere to all applicable regulations and requirements relevant to...",62500.0
Regional Enterprise Benefits Executive - Seattle,Lumity Inc,"Seattle, WA","$90,000 - $110,000 a year","An amazing team of tech professionals, data scientists and benefits specialists with the drive to deliver a superior benefits experience to our clients needs...",100000.0
Data Scientist,Zen3 Info Solutions,"Redmond, WA 98052","$70,000 - $90,000 a year","Title: Data Scientist Location: Redmond, WA Duration : 12+ Months *Required Skills: Analytic, Classification Analytics, inferences and models, forecasting,...",80000.0
Postdoctoral Fellow in Biplane Fluoroscopy & Foot/Ankle Biomechanics,VA Puget Sound Health Care System & University of...,"Seattle, WA 98108 (Georgetown area)","$50,000 a year","Specific responsibilities are the collection of data from subjects during experiments, the processing and analysis of that data, and developing improvements in...",50000.0
Planner or Planner Sr (Statistician),Travis County,"Austin, TX","$48,531 - $62,254 a year","Modern planning research methods, data collection and analysis. Information science with a focus on data analysis and management....",55392.5
Data Analyst - Criminal Justice Data Analysis,Legislative Budget Board,"Austin, TX","$37,500 a year","Collect, organize, and assess data for accuracy; Two years of progressively responsible full-time work experience in data collection, analysis, and error...",37500.0
"Data Scientist - Machine Learning, Python, Linguistics",Oscar Technology,"Austin, TX","$90,000 - $150,000 a year","Data Scientist Role Requirements*. Over the last year, the newly formed Data Scientist team (currently at 4) has added immense value to the business and they...",120000.0
Public Health Research Statistician,"Far Harbor, LLC","Austin, TX","$84,000 - $104,000 a year","Familiarity with complex survey data (clustered sampling, oversampling). The Research Statistician will also perform data preparation and analysis for state...",94000.0
Research Scientist II (Biomarking),Senseye,"Austin, TX","$80,000 - $100,000 a year",The position will involve conducting research and examining relationships between two or more sets of biological data in correlation with psychological...,90000.0
Program Coordinator,Colorado River Alliance,"Austin, TX","$40,000 a year","Our goal is to inspire the next generation of water scientists and leaders. Conduct program evaluations, collect educator feedback and student test data, and...",40000.0
Regional Enterprise Benefits Executive - Austin,Lumity Inc,"Austin, TX","$90,000 - $110,000 a year","An amazing team of tech professionals, data scientists and benefits specialists with the drive to deliver a superior benefits experience to our clients needs...",100000.0
Lead Data Scientist,Austin Fraser,"Austin, TX","$150,000 - $151,000 a year",Provide supervision to junior Data Scientists. As a valued Data Scientist you will:. Austin Fraser are working alongside a fantastic data driven organization in...,150500.0
Research Evaluation Scientist,"Multnomah County, OR","Portland, OR","$53,802 - $80,702 a year",Overview Are you a senior-level researcher with experience evaluating criminal justice or related social services? The Department of Community Justice is...,67252.0
Research Software Developer (Senior Research Associate),Oregon Health & Science University,"Portland, OR","$52,255 - $104,282 a year","The Developer will work together with a diverse team of engineers, scientists, and medical professionals to develop control software for a drug delivery...",78268.5
Interdisciplinary,Department of the Army,"Portland, OR","$63,815 - $99,439 a year",Physical Scientist (1301). Develop and/or have a strong understanding of water quality models and simulated data....,81627.0
Clinical Research Coordinator,Oregon Health & Science University,"Portland, OR","$40,000 - $60,291 a year","Conducting different phases of projects, including data collection and 3-5 years of clinical trial experience....",50145.5
Predictive Analytics (Machine Learning),"Kennedy Unlimited Inc, Professional Staffing","Portland, OR","$130,000 - $140,000 a year","Salary 130K to 140K We are assisting our Client, an innovative NEW high growth leader, Are you looking for more responsibility, More challenge. Leadership...",135000.0
Senior R & D Branded Scientist,PointOne Recruiting,"Portland, OR","$92,000 - $115,000 a year",Senior R &D Branded Scientist - Oregon*. Scientist provides statistical information for product development by identifying testing methods & samples for our...,103500.0
